,0
0,https://apps.usgs.gov/hivis/camera/IL_Lick_Creek_near_Woodside
1,https://apps.usgs.gov/hivis/camera/WI_Kinnickinnic_River_near_River_Falls_SECCHI
2,https://apps.usgs.gov/hivis/camera/FL_Sand_Key
3,https://apps.usgs.gov/hivis/camera/IN_Drain_Tile_East_of_Bull_Rapids_Road_near_Harlan_TILE
4,https://apps.usgs.gov/hivis/camera/WI_Yahara_River_at_McFarland_GATES
5,https://apps.usgs.gov/hivis/camera/MN_RUM_RIVER_NEAR_ST_FRANCIS_MN
6,https://apps.usgs.gov/hivis/camera/WI_KK11th
7,https://apps.usgs.gov/hivis/camera/MN_Rice_Creek_below_Old_HWY_8_in_Mounds_View
8,https://apps.usgs.gov/hivis/camera/MT_East_Poplar_River_at_International_Boundary
9,https://apps.usgs.gov/hivis/camera/WI_Green_Bay_Oil_Depot
10,https://apps.usgs.gov/hivis/camera/WI_KD1_FIELD
11,https://apps.usgs.gov/hivis/camera/WI_Manitowoc_River_at_Manitowoc
12,https://apps.usgs.gov/hivis/camera/OH_St_Marys_River_at_Walcot_Street_at_Willshire
13,https://apps.usgs.gov/hivis/camera/MN_High_Island_Creek_near_Henderson
14,https://apps.usgs.gov/hivis/camera/WI_Silver_Creek_at_State_Highway_21_near_Angelo
15,https://apps.usgs.gov/hivis/camera/WI_North_Fork_Clam_River_near_Siren
16,https://apps.usgs.gov/hivis/camera/OR_Little_North_Santiam_River_above_Evans_Creek_at_Elkhorn
17,https://apps.usgs.gov/hivis/camera/WI_Chippewa_River_at_Bishops_Bridge_near_Winter
18,https://apps.usgs.gov/hivis/camera/NE_Platte_River_near_Grand_Island
19,https://apps.usgs.gov/hivis/camera/CA_Merced_River_at_Happy_Isles_Bridge_Yosemite
20,https://apps.usgs.gov/hivis/camera/WI_Menomonee_River_at_16th_Street_at_Milwaukee
21,https://apps.usgs.gov/hivis/camera/WI_KD2_FIELD
22,https://apps.usgs.gov/hivis/camera/WI_Swallow_Bay_Tributary_at_Lake_Redstone_near_La_Valle
23,https://apps.usgs.gov/hivis/camera/PA_Allegheny_River_at_Franklin
24,https://apps.usgs.gov/hivis/camera/OR_Klamath_River_below_John_C_Boyle_Powerplant_near_Keno
25,https://apps.usgs.gov/hivis/camera/WI_Chippewa_River_near_Bruce
26,https://apps.usgs.gov/hivis/camera/WI_Red_Cedar_River_near_Colfax
27,https://apps.usgs.gov/hivis/camera/WI_Spring_Harbor_Storm_Sewer_OVERVIEW_at_Madison
28,https://apps.usgs.gov/hivis/camera/NE_Elkhorn_River_near_Winslow
29,https://apps.usgs.gov/hivis/camera/IN_Overland_Flow_East_of_Bull_Rapids_Road_near_Harlan_FLUME
30,https://apps.usgs.gov/hivis/camera/WI_Yellow_River_at_Necedah
31,https://apps.usgs.gov/hivis/camera/WI_Bark_River_near_Rome
32,https://apps.usgs.gov/hivis/camera/OH_Unnamed_Tributary_above_wetland_near_Winn_Road_near_Defiance_STREAM_CONTROL
33,https://apps.usgs.gov/hivis/camera/WI_GLRI_East_River_Waterway_SW3_FIELD
34,https://apps.usgs.gov/hivis/camera/AK_Bradly_River_near_Tidewater_near_Homer
35,https://apps.usgs.gov/hivis/camera/WI_MT1_STAFF
36,https://apps.usgs.gov/hivis/camera/MI_River_Rouge_at_Detroit
37,https://apps.usgs.gov/hivis/camera/NE_Platte_River_near_Schuyler
38,https://apps.usgs.gov/hivis/camera/WI_Root_River_Canal_near_Franklin
39,https://apps.usgs.gov/hivis/camera/WI_Swan_Creek_at_Lalor_Road_near_Fitchburg
40,https://apps.usgs.gov/hivis/camera/OH_Tiffin_River_near_Evansport
41,https://apps.usgs.gov/hivis/camera/MA_Head_of_the_Meadow_Beach_near_Truro_CAMERA_1
42,https://apps.usgs.gov/hivis/camera/WI_Dutchman_Creek_at_Cyrus_Street_near_Ashwaubenon
43,https://apps.usgs.gov/hivis/camera/WI_Treatment_Wetland_2_Surface_Inlet_near_Kaukauna_FIELD
44,https://apps.usgs.gov/hivis/camera/CO_Clear_Creek_at_Golden
45,https://apps.usgs.gov/hivis/camera/WI_South_Branch_Tenmile_Creek_near_Bancroft
46,https://apps.usgs.gov/hivis/camera/SC_Congaree_River_below_Cayce_DOWNSTREAM_CAMERA
47,https://apps.usgs.gov/hivis/camera/WI_Kinnickinnic_River_near_River_Falls_RIVER
48,https://apps.usgs.gov/hivis/camera/WA_Columbia_River_at_Vancouver
49,https://apps.usgs.gov/hivis/camera/WI_Milwaukee_River_near_Cedarburg_DOWNSTREAM
50,https://apps.usgs.gov/hivis/camera/WI_Fox_River_above_Little_Kaukauna_Dam
51,https://apps.usgs.gov/hivis/camera/CO_Gunnison_River_near_Grand_Junction_RISE
52,https://apps.usgs.gov/hivis/camera/WI_AO1_FIELD
53,https://apps.usgs.gov/hivis/camera/WI_RS2_STAFF
54,https://apps.usgs.gov/hivis/camera/WI_Sixmile_Creek_at_HWY_M_near_Waunakee
55,https://apps.usgs.gov/hivis/camera/CO_WILLOW_CREEK_VI
56,https://apps.usgs.gov/hivis/camera/WI_Peshtigo_River_at_Peshtigo
57,https://apps.usgs.gov/hivis/camera/TX_Blanco_River_at_Wimberley
58,https://apps.usgs.gov/hivis/camera/OR_Columbia_River_at_Port_Westward_near_Quincy
59,https://apps.usgs.gov/hivis/camera/OH_Little_Flatrock_Creek_near_Junction
60,https://apps.usgs.gov/hivis/camera/IN_St_Marys_River_near_Fort_Wayne_DOWNSTREAM
61,https://apps.usgs.gov/hivis/camera/WI_La_Crosse_River_at_Sparta
62,https://apps.usgs.gov/hivis/camera/WI_MT3_FLUME_OVERVIEW
63,https://apps.usgs.gov/hivis/camera/IN_Overland_Flow_East_of_Bull_Rapids_Road_near_Harlan_FIELD
64,https://apps.usgs.gov/hivis/camera/WI_Root_River_near_Franklin
65,https://apps.usgs.gov/hivis/camera/WI_Yahara_River_at_Forton_Street_Bridge_at_Stoughton
66,https://apps.usgs.gov/hivis/camera/WI_Big_Eau_Pleine_River_at_Stratford
67,https://apps.usgs.gov/hivis/camera/NE_Platte_River_near_Overton
68,https://apps.usgs.gov/hivis/camera/WI_Green_Tech_Biofilter_INLET_at_Milwaukee
69,https://apps.usgs.gov/hivis/camera/SC_Lynches_River_at_I95_above_Olanta_DOWNSTREAM_CAMERA
70,https://apps.usgs.gov/hivis/camera/IN_Wabash_River_at_New_Harmony
71,https://apps.usgs.gov/hivis/camera/OH_Inflow_to_wetland_near_Winn_Road_near_Defiance_POND
72,https://apps.usgs.gov/hivis/camera/NY_Keshequa_Creek_at_Craig_Colony_at_Sonyea_STAFF
73,https://apps.usgs.gov/hivis/camera/WI_MT2_STAFF
74,https://apps.usgs.gov/hivis/camera/MN_Knife_River_Near_Two_Harbors
75,https://apps.usgs.gov/hivis/camera/WI_RS2_FIELD
76,https://apps.usgs.gov/hivis/camera/WI_GLRI_Waterway_Number_4_near_Wrightstown_FLUME
77,https://apps.usgs.gov/hivis/camera/WI_AO2_FLUME_OVERVIEW
78,https://apps.usgs.gov/hivis/camera/WI_Fox_River_at_De_Pere_Lock_above_upper_gate_pool
79,https://apps.usgs.gov/hivis/camera/WI_Green_Lake_Southwest_Inlet_at_HWY_K_near_Green_Lake_WETLAND
80,https://apps.usgs.gov/hivis/camera/WI_Wolf_River_at_New_London
81,https://apps.usgs.gov/hivis/camera/WI_Muskego_Wetland_Outlet
82,https://apps.usgs.gov/hivis/camera/WI_Eau_Galle_River_at_Spring_Green
83,https://apps.usgs.gov/hivis/camera/WI_Rock_River_at_Horicon
84,https://apps.usgs.gov/hivis/camera/CO_WILLOW_CREEK_HU
85,https://apps.usgs.gov/hivis/camera/OH_Outflow_tile_to_bioreactor_near_Mark_Center_BIOREACTOR
86,https://apps.usgs.gov/hivis/camera/WI_Dorn_Creek_at_HWY_M_nr_Waunakee
87,https://apps.usgs.gov/hivis/camera/IL_Fondulac_Reservoir_near_East_Peoria
88,https://apps.usgs.gov/hivis/camera/AK_Colville_River_at_Umiat
89,https://apps.usgs.gov/hivis/camera/WI_South_Fork_Pheasant_Branch_at_Deming_Way_at_Middleton
90,https://apps.usgs.gov/hivis/camera/AK_Yukon_River_at_Galena
91,https://apps.usgs.gov/hivis/camera/CO_Teller_Reservoir_near_Stone_City
92,https://apps.usgs.gov/hivis/camera/WI_Nemadji_River_near_South_Superior
93,https://apps.usgs.gov/hivis/camera/CA_Suisun_Bay_at_Channel_Marker_24A_near_Bay_Point
94,https://apps.usgs.gov/hivis/camera/WI_RS1_FIELD
95,https://apps.usgs.gov/hivis/camera/WI_Ashland_Breakwater_Lighthouse_Chequamegon_Bay_LIGHTHOUSE
96,https://apps.usgs.gov/hivis/camera/AK_Tyee_Lake_Outlet_near_Wrangell
97,https://apps.usgs.gov/hivis/camera/NY_Keshequa_Creek_at_Craig_Colony_at_Sonyea_DOWNSTREAM
98,https://apps.usgs.gov/hivis/camera/MI_Saginaw_River_at_Holland_Ave_at_Saginaw
99,https://apps.usgs.gov/hivis/camera/WI_MT2_FIELD
100,https://apps.usgs.gov/hivis/camera/NC_Walnut_Creek_at_South_State_Street_at_Raleigh
101,https://apps.usgs.gov/hivis/camera/PA_Oil_Creek_at_Rouseville
102,https://apps.usgs.gov/hivis/camera/WI_AO3_FIELD
103,https://apps.usgs.gov/hivis/camera/OR_McKenzie_River_near_Vida
104,https://apps.usgs.gov/hivis/camera/WI_MT1_FIELD
105,https://apps.usgs.gov/hivis/camera/OH_East_Fork_Little_Miami_River_at_Perintown
106,https://apps.usgs.gov/hivis/camera/GA_Savannah_River_at_USACE_Dock_at_Savannah
107,https://apps.usgs.gov/hivis/camera/TX_Lake_Conroe_near_Conroe
108,https://apps.usgs.gov/hivis/camera/MA_Marconi_Beach_near_Wellfleet_CAMERA_2
109,https://apps.usgs.gov/hivis/camera/WI_GLRI_Bioreactor_outlet_near_Duvall_DITCH
110,https://apps.usgs.gov/hivis/camera/WI_Dorn_Creek_at_HWY_Q_near_Waunakee
111,https://apps.usgs.gov/hivis/camera/OH_West_Branch_St_Joseph_River_near_Nettle_Lake
112,https://apps.usgs.gov/hivis/camera/NY_Storm_Sewer_50_ft_East_of_Niagara_St_115_ft_South_of_Scajawquada_Creek
113,https://apps.usgs.gov/hivis/camera/MN_Mississippi_River_below_Lock_and_Dam_2_at_Hastings
114,https://apps.usgs.gov/hivis/camera/MI_Tile_Drain_to_Mill_Creek_near_Waldron_FLUME_OVERVIEW
115,https://apps.usgs.gov/hivis/camera/MI_East_Branch_St_Joseph_River_at_Territorial_Road_near_Waldron
116,https://apps.usgs.gov/hivis/camera/IN_Drain_Tile_West_of_Bull_Rapids_Road_near_Harlan_TILE
117,https://apps.usgs.gov/hivis/camera/WI_Duck_Creek_near_Howard_UPSTREAM
118,https://apps.usgs.gov/hivis/camera/WI_Pheasant_Branch_at_Airport_Road_near_Middleton
119,https://apps.usgs.gov/hivis/camera/WI_KD2_FLUME_OVERVIEW
120,https://apps.usgs.gov/hivis/camera/GA_Chattahoochee_River_at_14th_Street_at_Columbus
121,https://apps.usgs.gov/hivis/camera/IN_Blue_Creek_near_Pleasant_Mills
122,https://apps.usgs.gov/hivis/camera/WI_Silver_Creek_at_Spaulding_Road_near_Green_Lake
123,https://apps.usgs.gov/hivis/camera/WI_APPLE_RIVER_ABOVE_05341499_AT_PARK_IN_SOMERSET
124,https://apps.usgs.gov/hivis/camera/WI_AO2_FIELD
125,https://apps.usgs.gov/hivis/camera/FL_Pithlachascotee_River_near_Fivay_Junction
126,https://apps.usgs.gov/hivis/camera/WI_GLRI_East_River_Waterway_SW3_FLUME
127,https://apps.usgs.gov/hivis/camera/MI_Clam_Lake_Outlet_to_Torch_Lake_near_Alden
128,https://apps.usgs.gov/hivis/camera/MN_Kettle_River_below_Sandstone
129,https://apps.usgs.gov/hivis/camera/WI_Spring_Harbor_Storm_Sewer_DOWNSTREAM_at_Madison
130,https://apps.usgs.gov/hivis/camera/PA_East_Branch_Brandywine_Creek_below_Downingtown
131,https://apps.usgs.gov/hivis/camera/MI_Tile_Drain_to_Mill_Creek_near_Waldron_STREAM
132,https://apps.usgs.gov/hivis/camera/MN_Elm_Creek_near_Champlin
133,https://apps.usgs.gov/hivis/camera/WI_Eau_Claire_River_at_Kelly
134,https://apps.usgs.gov/hivis/camera/WI_Big_Roche_A_Cri_Creek_at_HWY_G_near_Leola
135,https://apps.usgs.gov/hivis/camera/NC_French_Broad_River_near_Bent_Creek
136,https://apps.usgs.gov/hivis/camera/WI_RS1_FLUME_OVERVIEW
137,https://apps.usgs.gov/hivis/camera/AZ_National_Data_Conference_2023_Cell_Trail_Camera
138,https://apps.usgs.gov/hivis/camera/MI_Detroit_River_at_Fort_Wayne_at_Detroit
139,https://apps.usgs.gov/hivis/camera/IN_Black_Creek_near_Harlan
140,https://apps.usgs.gov/hivis/camera/OH_Inflow_to_wetland_near_Winn_Road_near_Defiance_WET2
141,https://apps.usgs.gov/hivis/camera/MO_Missouri_River_at_Hermann
142,https://apps.usgs.gov/hivis/camera/WI_Kickapoo_River_at_HWY_131_at_Ontario
143,https://apps.usgs.gov/hivis/camera/OR_North_Umpqua_River_near_Idleyld_Park
144,https://apps.usgs.gov/hivis/camera/WI_Ashwaubenon_Creek_at_Grant_Street_near_West_De_Pere
145,https://apps.usgs.gov/hivis/camera/OH_Wetland_Outflow_near_Winn_Rd_near_Defiance_OUTLET_FLUME
146,https://apps.usgs.gov/hivis/camera/WI_GLRI_Waterway_Number_4_near_Wrightstown_FIELD
147,https://apps.usgs.gov/hivis/camera/WA_Okanogan_River_at_Zosel_Millpond_at_Oroville
148,https://apps.usgs.gov/hivis/camera/PA_Perkiomen_Creek_at_Graterford
149,https://apps.usgs.gov/hivis/camera/NE_Platte_River_at_North_Bend
150,https://apps.usgs.gov/hivis/camera/AK_Yukon_River_at_Eagle
151,https://apps.usgs.gov/hivis/camera/WI_Pecatonica_River_at_Darlington
152,https://apps.usgs.gov/hivis/camera/WI_Madison_Camera_01
153,https://apps.usgs.gov/hivis/camera/NE_Platte_River_above_Loup_Power_Canal_near_Columbus
154,https://apps.usgs.gov/hivis/camera/WI_Fox_River_at_Little_Kaukauna_Lock_above_upper_gate_pool
155,https://apps.usgs.gov/hivis/camera/MI_Sonde_Monitoring_Grand_Rapids
156,https://apps.usgs.gov/hivis/camera/WI_Menomonee_River_at_Wauwatosa
157,https://apps.usgs.gov/hivis/camera/WI_Rock_River_at_Afton
158,https://apps.usgs.gov/hivis/camera/NC_McMullen_Creek_at_Lincrest_Place_at_Charlotte
159,https://apps.usgs.gov/hivis/camera/WI_Yahara_River_at_McFarland_STAFF_PLATE
160,https://apps.usgs.gov/hivis/camera/IN_Overland_Flow_West_of_Bull_Rapids_Road_near_Harlan_FLUME
161,https://apps.usgs.gov/hivis/camera/SC_Black_River_at_I_95_near_Manning_DOWNSTREAM_CAMERA
162,https://apps.usgs.gov/hivis/camera/WI_Fox_River_at_De_Pere_Dam_above_REW_Spillway
163,https://apps.usgs.gov/hivis/camera/GA_Sweetwater_Creek_at_Austell
164,https://apps.usgs.gov/hivis/camera/WI_Spring_Harbor_Storm_Sewer_UPSTREAM_at_Madison
165,https://apps.usgs.gov/hivis/camera/GA_Randy_Poynter_Lake_at_Spillway_near_Milstead
166,https://apps.usgs.gov/hivis/camera/MN_Minnesota_River_at_Morton
167,https://apps.usgs.gov/hivis/camera/WI_Root_River_at_Grange_Avenue_at_Greendale
168,https://apps.usgs.gov/hivis/camera/IN_Overland_Flow_West_of_Bull_Rapids_Road_near_Harlan_FIELD
169,https://apps.usgs.gov/hivis/camera/WI_Milwaukee_River_at_mouth_at_Milwaukee_UPSTREAM
170,https://apps.usgs.gov/hivis/camera/WI_MT3_FIELD
171,https://apps.usgs.gov/hivis/camera/PA_East_Branch_Brandywine_Creek_below_Downingtown_RS485_CAMERA
172,https://apps.usgs.gov/hivis/camera/WI_French_Creek_near_Ettrick
173,https://apps.usgs.gov/hivis/camera/WI_RS2_FLUME_OVERVIEW
174,https://apps.usgs.gov/hivis/camera/WI_MT1_FLUME_OVERVIEW
175,https://apps.usgs.gov/hivis/camera/AK_DANGEROUS_R_AT_HARLEQUIN_LK_OUTLET_NR_YAKUTAT_AK
176,https://apps.usgs.gov/hivis/camera/AK_Phelan_Creek_near_Paxson
177,https://apps.usgs.gov/hivis/camera/WI_Green_Lake_Inlet_at_HWY_A_near_Green_Lake_FISHEYE
178,https://apps.usgs.gov/hivis/camera/WI_GLRI_Waterway_Number_5_near_Wrightstown_FLUME
179,https://apps.usgs.gov/hivis/camera/WI_AO3_STAFF
180,https://apps.usgs.gov/hivis/camera/OH_Inflow_to_wetland_near_Winn_Road_near_Defiance_FLUME
181,https://apps.usgs.gov/hivis/camera/MI_Coldwater_Fen_met_station_Branch_County
182,https://apps.usgs.gov/hivis/camera/MI_Tile_Drain_to_Mill_Creek_near_Waldron_FLUME_STAFF
183,https://apps.usgs.gov/hivis/camera/WI_Fox_River_at_Rapid_Croche_Lock_above_upper_gate_pool
184,https://apps.usgs.gov/hivis/camera/MN_CLEARWATER_RIVER_AT_RED_LAKE_FALLS_MN
185,https://apps.usgs.gov/hivis/camera/IL_Farmdale_Reservoir_at_Farmdale
186,https://apps.usgs.gov/hivis/camera/WI_Namekagon_River_at_Leonards
187,https://apps.usgs.gov/hivis/camera/AK_Twelvemile_Creek_near_Petersburg
188,https://apps.usgs.gov/hivis/camera/WI_Spring_Harbor_Storm_Sewer_STAFF_at_Madison
189,https://apps.usgs.gov/hivis/camera/ID_Camera_Training_Class_BOISE_ID
190,https://apps.usgs.gov/hivis/camera/WI_Tody_Ravine_at_HWY_112_near_Marengo
191,https://apps.usgs.gov/hivis/camera/WI_Chippewa_River_below_Dells_Dam_at_Eau_Claire
192,https://apps.usgs.gov/hivis/camera/SC_Saluda_River_above_I26_Flyover_near_West_Columbia
193,https://apps.usgs.gov/hivis/camera/WI_GLRI_Waterway_Number_4_near_Wrightstown_STAFF
194,https://apps.usgs.gov/hivis/camera/WI_Kickapoo_River_at_La_Farge
195,https://apps.usgs.gov/hivis/camera/IL_Vermilion_River_near_Danville
196,https://apps.usgs.gov/hivis/camera/WI_GLRI_Bioreactor_inlet_near_Duvall_INLET_ARGIDRAIN
197,https://apps.usgs.gov/hivis/camera/WI_Trempealeau_River_at_Arcadia
198,https://apps.usgs.gov/hivis/camera/OH_Auglaize_River_near_Fort_Jennings
199,https://apps.usgs.gov/hivis/camera/OH_Little_Miami_River_at_Milford
200,https://apps.usgs.gov/hivis/camera/OH_Maumee_River_near_Defiance
201,https://apps.usgs.gov/hivis/camera/WI_GLRI_Bioreactor_inlet_near_Duvall_FIELD
202,https://apps.usgs.gov/hivis/camera/WI_Wisconsin_River_at_Muscoda
203,https://apps.usgs.gov/hivis/camera/NM_Rio_Grande_below_Elephant_Butte_Dam
204,https://apps.usgs.gov/hivis/camera/OH_Wetland_Outflow_near_Winn_Rd_near_Defiance_OUTLET_AGRIDRAIN
205,https://apps.usgs.gov/hivis/camera/CO_WILLOW_CREEK_SL
206,https://apps.usgs.gov/hivis/camera/WI_MARENGO_RIVER_AT_REIMER_ROAD_NR_MARENGO
207,https://apps.usgs.gov/hivis/camera/WI_Fox_River_at_Kaukauna_Dam_near_canal_entrance
208,https://apps.usgs.gov/hivis/camera/WI_Lemonweir_River_at_New_Lisbon
209,https://apps.usgs.gov/hivis/camera/MN_Redwood_River_near_Marshall
210,https://apps.usgs.gov/hivis/camera/WI_MT3_STAFF
211,https://apps.usgs.gov/hivis/camera/AK_Unalakleet_C2
212,https://apps.usgs.gov/hivis/camera/WI_Cedar_Creek_near_Cedarburg
213,https://apps.usgs.gov/hivis/camera/NM_Pecos_River_near_Acme
214,https://apps.usgs.gov/hivis/camera/WI_Wisconsin_River_at_Wisconsin_Rapids
215,https://apps.usgs.gov/hivis/camera/PA_Susquehanna_River_at_Towanda
216,https://apps.usgs.gov/hivis/camera/OH_Black_Fork_Mohican_River_at_Shelby_OH
217,https://apps.usgs.gov/hivis/camera/SC_Congaree_River_at_Columbia
218,https://apps.usgs.gov/hivis/camera/WI_Big_Creek_Outlet_at_Lake_Redstone_near_La_Valle
219,https://apps.usgs.gov/hivis/camera/FL_Trout_Creek_at_Wesley_Chapel
220,https://apps.usgs.gov/hivis/camera/OH_Ottawa_River_near_Kalida
221,https://apps.usgs.gov/hivis/camera/OH_Wetland_Outflow_near_Winn_Rd_near_Defiance_OUTLET_OVERVIEW
222,https://apps.usgs.gov/hivis/camera/WI_Treatment_Wetland_2_Surface_Inlet_near_Kaukauna_Staff
223,https://apps.usgs.gov/hivis/camera/NC_Briar_Creek_near_Charlotte
224,https://apps.usgs.gov/hivis/camera/PR_Dorado_Camera_1
225,https://apps.usgs.gov/hivis/camera/WI_Tenmile_Creek_near_Nekoosa
226,https://apps.usgs.gov/hivis/camera/WI_Milwaukee_River_near_Cedarburg
227,https://apps.usgs.gov/hivis/camera/AK_Alsek_River_at_Dry_Bay_near_Yakutat
228,https://apps.usgs.gov/hivis/camera/IL_Chicago_Sanitary_and_Ship_Canal_near_Lemont_RISE
229,https://apps.usgs.gov/hivis/camera/WI_Black_River_near_Galesville
230,https://apps.usgs.gov/hivis/camera/WI_KD2_STAFF
231,https://apps.usgs.gov/hivis/camera/WI_East_River_at_N_Baird_Street_at_Green_Bay
232,https://apps.usgs.gov/hivis/camera/WI_Milwaukee_River_Cherry_Street
233,https://apps.usgs.gov/hivis/camera/SC_Congaree_River_below_Cayce_UPSTREAM_CAMERA
234,https://apps.usgs.gov/hivis/camera/WI_AO1_STAFF
235,https://apps.usgs.gov/hivis/camera/PA_Delaware_River_at_Penns_Landing_Philadelphia
236,https://apps.usgs.gov/hivis/camera/IN_Maumee_River_at_New_Haven
237,https://apps.usgs.gov/hivis/camera/WI_Root_River_at_60th_Street_near_Caledonia
238,https://apps.usgs.gov/hivis/camera/MT_Yellowstone_River_at_Miles_City
239,https://apps.usgs.gov/hivis/camera/TX_Blanco_River_at_Crabapple_Road_near_Blanco
240,https://apps.usgs.gov/hivis/camera/WI_Milwaukee_River_at_mouth_at_Milwaukee_DOWNSTREAM
241,https://apps.usgs.gov/hivis/camera/OH_Black_Fork_Mohican_River_at_Shelby
242,https://apps.usgs.gov/hivis/camera/NY_Richelieu_River_at_Rouses_Point
243,https://apps.usgs.gov/hivis/camera/NE_Elkhorn_River_at_West_Point
244,https://apps.usgs.gov/hivis/camera/WI_Pecatonica_River_at_Martintown
245,https://apps.usgs.gov/hivis/camera/MA_Marconi_Beach_near_Wellfleet_CAMERA_1
246,https://apps.usgs.gov/hivis/camera/OK_Illinois_River_near_Moodys
247,https://apps.usgs.gov/hivis/camera/WI_Roy_Creek_at_Roy_Creek_Road_near_Green_Lake
248,https://apps.usgs.gov/hivis/camera/WI_Green_Lake_Southwest_Inlet_at_HWY_K_near_Green_Lake_PTZ
249,https://apps.usgs.gov/hivis/camera/WI_East_Branch_Pecatonica_River_near_Blanchardville
250,https://apps.usgs.gov/hivis/camera/TX_New_Year_Ck_at_FM_1155_nr_Chappel_Hill
251,https://apps.usgs.gov/hivis/camera/WI_Fox_River_near_New_Munster_STANDPIPE
252,https://apps.usgs.gov/hivis/camera/WI_Badfish_Creek_nr_Cooksville
253,https://apps.usgs.gov/hivis/camera/WI_Bois_Brule_River_at_Brule
254,https://apps.usgs.gov/hivis/camera/MN_LE_SUEUR_RIVER_NEAR_RAPIDAN_MN
255,https://apps.usgs.gov/hivis/camera/WI_Denomie_Creek_at_Aspen_Acres
256,https://apps.usgs.gov/hivis/camera/MN_LITTLE_MINNESOTA_RIVER_NEAR_PEEVER_SD
257,https://apps.usgs.gov/hivis/camera/CA_Eel_River_at_Fernbridge
258,https://apps.usgs.gov/hivis/camera/CO_Slate_River_above_O_B_J_Creek_near_Crested_Butte
259,https://apps.usgs.gov/hivis/camera/AK_Unalakleet_C1
260,https://apps.usgs.gov/hivis/camera/WI_Treatment_Wetland_2_Surface_Inlet_near_Kaukauna_Wetland_Overview
261,https://apps.usgs.gov/hivis/camera/GU_Adelup_Point_CAMERA_2
262,https://apps.usgs.gov/hivis/camera/SC_Tearcoat_Branch_at_I_95_near_Manning_DOWNSTREAM_CAMERA
263,https://apps.usgs.gov/hivis/camera/OH_Auglaize_River_near_Kossuth
264,https://apps.usgs.gov/hivis/camera/OH_Big_Creek_near_Brooklyn
265,https://apps.usgs.gov/hivis/camera/CA_Mokelumne_River_at_Andrus_Island_near_Terminous
266,https://apps.usgs.gov/hivis/camera/OH_Clover_Groff_Ditch_below_Alton
267,https://apps.usgs.gov/hivis/camera/WI_Plum_Creek_near_Wrightstown
268,https://apps.usgs.gov/hivis/camera/MN_Minnehaha_Creek_at_Hiawatha_Ave_in_Minneapolis
269,https://apps.usgs.gov/hivis/camera/MN_WHETSTONE_RIVER_NEAR_BIG_STONE_CITY_SD
270,https://apps.usgs.gov/hivis/camera/OR_Breitenbush_River_above_French_Creek_near_Detroit
271,https://apps.usgs.gov/hivis/camera/WI_Little_Menomonee_River_near_Freistadt
272,https://apps.usgs.gov/hivis/camera/VA_Beggars_Cr_nr_Dawley_Corners_RSIE
273,https://apps.usgs.gov/hivis/camera/TX_Zacate_Creek_at_Jacaman_Road_Laredo
274,https://apps.usgs.gov/hivis/camera/WI_GLRI_Bioreactor_outlet_near_Duvall_OUTLET_AGRIDRAIN
275,https://apps.usgs.gov/hivis/camera/WI_Fox_River_near_New_Munster_NORMAL_LENS
276,https://apps.usgs.gov/hivis/camera/WI_Clam_River_at_Soderberg_Road_near_Siren
277,https://apps.usgs.gov/hivis/camera/WI_Dutchman_Creek_at_Hansen_Road_at_Ashwaubenon
278,https://apps.usgs.gov/hivis/camera/NC_Briar_Creek_at_Providence_Road_at_Charlotte
279,https://apps.usgs.gov/hivis/camera/OH_Maumee_River_at_Antwerp
280,https://apps.usgs.gov/hivis/camera/WI_GLRI_Waterway_Number_5_near_Wrightstown_FIELD
281,https://apps.usgs.gov/hivis/camera/WI_St_Croix_River_near_Danbury
282,https://apps.usgs.gov/hivis/camera/SC_Pocotaligo_River_at_I_95_above_Manning_UPSTREAM_CAMERA
283,https://apps.usgs.gov/hivis/camera/WI_Eagle_Bay_Tributary_at_Lake_Redstone_near_La_Valle
284,https://apps.usgs.gov/hivis/camera/AL_Hydrologic_Instrumentation_Facility_(HIF)_construction
285,https://apps.usgs.gov/hivis/camera/AK_Glacial_Lake_2_and_half_miles_North_of_Nugget_Creek_near_Auke_Bay
286,https://apps.usgs.gov/hivis/camera/WI_MT2_FLUME_OVERVIEW
287,https://apps.usgs.gov/hivis/camera/WI_Little_Menomonee_River_near_Freistadt_FISH_CAMERA
288,https://apps.usgs.gov/hivis/camera/WI_Yahara_River_at_Windsor
289,https://apps.usgs.gov/hivis/camera/MN_MISSISSIPPI_RIVER_AT_HWY_610_IN_BROOKLYN_PARK_MN
290,https://apps.usgs.gov/hivis/camera/WI_Clam_River_above_Clam_Dam_near_Siren
291,https://apps.usgs.gov/hivis/camera/OH_Bean_Creek_at_Powers
292,https://apps.usgs.gov/hivis/camera/WI_Black_Earth_Creek_near_Brewery_Road_at_Cross_Plains
293,https://apps.usgs.gov/hivis/camera/IN_Overland_Flow_West_of_Bull_Rapids_Road_near_Harlan_STAFF
294,https://apps.usgs.gov/hivis/camera/NC_Lake_Johnson_above_Dam_at_Raleigh
295,https://apps.usgs.gov/hivis/camera/SC_Tearcoat_Branch_at_I_95_near_Manning_UPSTREAM_CAMERA
296,https://apps.usgs.gov/hivis/camera/WI_Yellow_River_at_Babcock
297,https://apps.usgs.gov/hivis/camera/PR_Isla_Verde_Camera_1
298,https://apps.usgs.gov/hivis/camera/WI_Chippewa_River_at_Durand
299,https://apps.usgs.gov/hivis/camera/IL_Illinois_River_at_Florence
300,https://apps.usgs.gov/hivis/camera/OR_Luckiamute_River_near_Parker
301,https://apps.usgs.gov/hivis/camera/WI_Sheboygan_River_at_Sheboygan
302,https://apps.usgs.gov/hivis/camera/MN_Pomme_de_Terre_River_at_Appleton
303,https://apps.usgs.gov/hivis/camera/PA_PEKOSOFT_East_Branch_Brandywine_Creek_below_Downingtown
304,https://apps.usgs.gov/hivis/camera/WI_Fox_River_at_Appleton_Lower_Lock_above_hydro_intake
305,https://apps.usgs.gov/hivis/camera/OH_Auglaize_River_near_Defiance
306,https://apps.usgs.gov/hivis/camera/WI_AO2_STAFF
307,https://apps.usgs.gov/hivis/camera/NE_Platte_River_near_Leshara
308,https://apps.usgs.gov/hivis/camera/NE_Platte_River_near_Fremont
309,https://apps.usgs.gov/hivis/camera/WI_Fox_River_at_Princeton
310,https://apps.usgs.gov/hivis/camera/OH_Outflow_tile_to_bioreactor_near_Mark_Center_FIELD
311,https://apps.usgs.gov/hivis/camera/GA_Yellow_River_near_Snellville
312,https://apps.usgs.gov/hivis/camera/WI_AO1_FLUME_OVERVIEW
313,https://apps.usgs.gov/hivis/camera/OH_Outflow_tile_to_bioreactor_near_Mark_Center_STREAM
314,https://apps.usgs.gov/hivis/camera/WI_KD1_FLUME_OVERVIEW
315,https://apps.usgs.gov/hivis/camera/WI_Sixmile_Creek_at_HWY_19_near_Waunakee
316,https://apps.usgs.gov/hivis/camera/GA_Chattahoochee_River_at_Helen
317,https://apps.usgs.gov/hivis/camera/MN_Minnehaha_Creek_below_Grays_Bay_Dam_in_Minnetonka
318,https://apps.usgs.gov/hivis/camera/GA_Big_Creek_near_Alpharetta
319,https://apps.usgs.gov/hivis/camera/WI_RS1_STAFF
320,https://apps.usgs.gov/hivis/camera/NY_Skaneateles_Lake_at_Skaneateles
321,https://apps.usgs.gov/hivis/camera/WI_Green_Lake_Inlet_at_HWY_A_near_Green_Lake_WETLAND
322,https://apps.usgs.gov/hivis/camera/WI_Menomonee_River_at_Wauwatosa_ABOVE_WATER_FISH_CAMERA
323,https://apps.usgs.gov/hivis/camera/NY_Keshequa_Creek_UPSTREAM_WEIR
324,https://apps.usgs.gov/hivis/camera/AK_Red_Cloud_River_at_Anton_Larsen_Bay_near_Kodiak
325,https://apps.usgs.gov/hivis/camera/WI_Pheasant_Branch_at_Middleton
326,https://apps.usgs.gov/hivis/camera/NM_Storrie_Lake_Diversion_near_Montezuma
327,https://apps.usgs.gov/hivis/camera/SC_Rocky_Branch_at_Whaley_Street_Columbia
328,https://apps.usgs.gov/hivis/camera/WI_Underwood_Creek_at_Wauwatosa_ABOVE_WATER_FISH_CAMERA
329,https://apps.usgs.gov/hivis/camera/WI_Fox_River_at_Fritse_Park_at_Neenah
330,https://apps.usgs.gov/hivis/camera/MI_Kawkawlin_River_at_State_Park_Dr_at_Bay_City
331,https://apps.usgs.gov/hivis/camera/WI_South_Branch_Rock_River_at_Waupun
332,https://apps.usgs.gov/hivis/camera/WI_Fox_River_above_Cedars_Dam
333,https://apps.usgs.gov/hivis/camera/SC_Pocotaligo_River_at_I_95_above_Manning_DOWNSTREAM_CAMERA
334,https://apps.usgs.gov/hivis/camera/WI_Treatment_Wetland_2_Drain_Tile_near_Kaukauna
335,https://apps.usgs.gov/hivis/camera/VA_Little_Neck_Creek_at_Pinewood_Road_at_Virginia_Beach
336,https://apps.usgs.gov/hivis/camera/AK_Salmon_River_near_Hyder
337,https://apps.usgs.gov/hivis/camera/WI_Ashwaubenon_Creek_near_Little_Rapids
338,https://apps.usgs.gov/hivis/camera/MA_Head_of_the_Meadow_Beach_near_Truro_CAMERA_2
339,https://apps.usgs.gov/hivis/camera/MI_St_Marys_River_at_Sault_Ste_Marie
340,https://apps.usgs.gov/hivis/camera/WI_Pine_River_below_Pine_River_Powerplant_near_Florence
341,https://apps.usgs.gov/hivis/camera/NE_Kearney_Outdoor_Learning_Area_RISE
342,https://apps.usgs.gov/hivis/camera/NY_NY_Neversink_Godeffroy_RISE
343,https://apps.usgs.gov/hivis/camera/WI_KD1_STAFF
344,https://apps.usgs.gov/hivis/camera/CA_Santa_Ana_River_below_Prado_Dam
345,https://apps.usgs.gov/hivis/camera/MN_YELLOW_BANK_RIVER_NEAR_ODESSA_MN
346,https://apps.usgs.gov/hivis/camera/NC_South_Buffalo_Creek_near_Pomona
347,https://apps.usgs.gov/hivis/camera/MI_Sarett_Nature_Center_Fen_met_station_Berrien_County
348,https://apps.usgs.gov/hivis/camera/PA_West_Branch_Susquehanna_River_at_Lewisburg
349,https://apps.usgs.gov/hivis/camera/CO_Fourmile_Creek_at_Orodell
350,https://apps.usgs.gov/hivis/camera/CA_San_Lorenzo_River_at_Big_Trees
351,https://apps.usgs.gov/hivis/camera/WI_Hay_River_at_Wheeler
352,https://apps.usgs.gov/hivis/camera/AK_Taku_River_near_Juneau
353,https://apps.usgs.gov/hivis/camera/MI_Lower_River_Rouge_at_Dearborn_STANDPIPE
354,https://apps.usgs.gov/hivis/camera/MI_Clinton_River_at_Moravian_Drive_at_Mount_Clemens
355,https://apps.usgs.gov/hivis/camera/WI_GLRI_East_River_Waterway_SW3_STAFF
356,https://apps.usgs.gov/hivis/camera/SC_Lynches_River_at_I95_above_Olanta_UPSTREAM_CAMERA
357,https://apps.usgs.gov/hivis/camera/SC_Black_River_at_I_95_near_Manning_UPSTREAM_CAMERA
358,https://apps.usgs.gov/hivis/camera/WI_Wurches_Creek_at_County_HWY_B_near_Green_Lake
359,https://apps.usgs.gov/hivis/camera/WI_Duck_Creek_near_Howard_DOWNSTREAM
360,https://apps.usgs.gov/hivis/camera/MN_Roseau_River_below_South_Fork_near_Malung
361,https://apps.usgs.gov/hivis/camera/GU_Adelup_Point_CAMERA_1
362,https://apps.usgs.gov/hivis/camera/WI_Big_Rib_River_at_Rib_Falls
363,https://apps.usgs.gov/hivis/camera/AK_MF_Bradley_River_below_NF_Bradley_River_near_Homer
364,https://apps.usgs.gov/hivis/camera/WI_Oak_Creek_at_South_Milwaukee
365,https://apps.usgs.gov/hivis/camera/IN_St_Marys_River_near_Fort_Wayne
366,https://apps.usgs.gov/hivis/camera/NE_Platte_River_near_Ashland
367,https://apps.usgs.gov/hivis/camera/TX_Medina_Lake_near_San_Antonio
368,https://apps.usgs.gov/hivis/camera/NM_Pecos_Web_Camera_near_Roswell
369,https://apps.usgs.gov/hivis/camera/WI_GLRI_Waterway_Number_5_near_Wrightstown_STAFF
370,https://apps.usgs.gov/hivis/camera/NY_Manhole_West_Delavan_Ave_110_ft_west_of_Niagara_Street
371,https://apps.usgs.gov/hivis/camera/MI_Pine_River_at_Pine_River_Road_near_Standish
372,https://apps.usgs.gov/hivis/camera/WI_Martin_Meadowlark_Bay_Tributary_at_Lake_Redstone_near_La_Valle
373,https://apps.usgs.gov/hivis/camera/AZ_National_Data_Conference_2023_DCP_Vivotek
374,https://apps.usgs.gov/hivis/camera/FL_Cypress_Creek_at_County_Line_Rad_at_Wesley_Chapel
375,https://apps.usgs.gov/hivis/camera/WI_Fox_River_near_New_Munster_TELEPHOTO_LENS
376,https://apps.usgs.gov/hivis/camera/MI_Lower_River_Rouge_at_Dearborn
377,https://apps.usgs.gov/hivis/camera/WI_Puchyan_River_Downstream_of_North_Lawson_Driver_near_Green_Lake
378,https://apps.usgs.gov/hivis/camera/WI_Drywood_Creek_at_Covered_Footbridge_near_Cadott
379,https://apps.usgs.gov/hivis/camera/FL_Hillsborough_River_above_Crystal_Springs_near_Zephyrhills
380,https://apps.usgs.gov/hivis/camera/WI_Stillwell_Creek_at_Yard_Road_near_Tomah
381,https://apps.usgs.gov/hivis/camera/CO_Colorado_River_above_Roaring_Fork_River_at_Glenwood_Springs
382,https://apps.usgs.gov/hivis/camera/MN_Mississippi_River_at_St_Paul
383,https://apps.usgs.gov/hivis/camera/MI_River_Rouge_at_Detroit_STANDPIPE
384,https://apps.usgs.gov/hivis/camera/NC_Little_Hope_Creek_at_Seneca_Place_at_Charlotte
385,https://apps.usgs.gov/hivis/camera/WI_Willow_River_at_Willow_River_State_Park_near_Burkhardt
386,https://apps.usgs.gov/hivis/camera/GA_Peachtree_Creek_at_Atlanta
387,https://apps.usgs.gov/hivis/camera/MN_Mississippi_River_at_HWY_610_in_Brooklyn_Park
388,https://apps.usgs.gov/hivis/camera/WI_Sixmile_Creek_at_Woodland_Drive_near_Waunakee
389,https://apps.usgs.gov/hivis/camera/WI_Yahara_River_at_East_Main_St_at_Madison
390,https://apps.usgs.gov/hivis/camera/WI_Oconto_River_near_Gillett
391,https://apps.usgs.gov/hivis/camera/FL_Anclote_River_at_Little_Road_near_Elfers
392,https://apps.usgs.gov/hivis/camera/GA_Flint_River_at_Albany
393,https://apps.usgs.gov/hivis/camera/WI_Sugar_River_near_Brodhead
394,https://apps.usgs.gov/hivis/camera/MN_Bois_De_Sioux_River_near_Doran
395,https://apps.usgs.gov/hivis/camera/WI_Peshtigo_River_at_Porterfield
396,https://apps.usgs.gov/hivis/camera/MI_Clinton_River_at_Moravian_Drive_at_Mount_Clemens_STANDPIPE
397,https://apps.usgs.gov/hivis/camera/NC_French_Broad_River_at_Asheville
398,https://apps.usgs.gov/hivis/camera/WI_Pike_River_near_Racine
399,https://apps.usgs.gov/hivis/camera/GA_Withlacoochee_River_at_Skipper_Bridge_Road_near_Bemiss
400,https://apps.usgs.gov/hivis/camera/OH_Platter_Creek_near_Sherwood
401,https://apps.usgs.gov/hivis/camera/PR_Dorado_Camera_2
402,https://apps.usgs.gov/hivis/camera/NE_Elkhorn_River_at_Waterloo
403,https://apps.usgs.gov/hivis/camera/ME_Kennebec_River_at_Calumet_Bridge_at_Augusta
404,https://apps.usgs.gov/hivis/camera/PR_Isla_Verde_Camera_2
405,https://apps.usgs.gov/hivis/camera/NE_Platte_River_near_Duncan
406,https://apps.usgs.gov/hivis/camera/MI_Tile_Drain_to_Mill_Creek_near_Waldron_FIELD
407,https://apps.usgs.gov/hivis/camera/PA_Brandywine_Creek_RISE
408,https://apps.usgs.gov/hivis/camera/WI_Chippewa_River_at_Grand_Ave_at_Eau_Claire
409,https://apps.usgs.gov/hivis/camera/CA_Dutch_Slough_below_Jersey_Island_Road_at_Jersey_Island
410,https://apps.usgs.gov/hivis/camera/WI_AO3_FLUME_OVERVIEW
411,https://apps.usgs.gov/hivis/camera/OH_Blanchard_River_near_Dupont
412,https://apps.usgs.gov/hivis/camera/WI_Chaffe_Creek_at_HWY_39_near_Coloma
413,https://apps.usgs.gov/hivis/camera/WI_Lake_Winnebago_at_Jefferson_Park
414,https://apps.usgs.gov/hivis/camera/MN_Redwood_River_near_Redwood_Falls
415,https://apps.usgs.gov/hivis/camera/MN_St_Croix_River_at_Stillwater
416,https://apps.usgs.gov/hivis/camera/WI_East_River_at_HWY_ZZ_near_Greenleaf
417,https://apps.usgs.gov/hivis/camera/CA_False_River_Near_Oakley
418,https://apps.usgs.gov/hivis/camera/SC_Congaree_River_at_US_HWY_601_near_Fort_Motte
419,https://apps.usgs.gov/hivis/camera/OH_Inflow_to_wetland_near_Winn_Road_near_Defiance_STAFF
420,https://apps.usgs.gov/hivis/camera/WI_Honey_Creek_at_Wauwatosa
421,https://apps.usgs.gov/hivis/camera/MN_OTTER_TAIL_RIVER_NEAR_ELIZABETH_MN
422,https://apps.usgs.gov/hivis/camera/01310740_NY_Reynolds_Channel_at_Point_Lookout
423,https://apps.usgs.gov/hivis/camera/FL_Madeira_Beach
424,https://apps.usgs.gov/hivis/camera/NY_Niagara_Street_Green_Infrastructure
425,https://apps.usgs.gov/hivis/camera/CA_Truckee_River_at_Boca_Bridge_near_Truckee
426,https://apps.usgs.gov/hivis/camera/WA_Cowlitz_River_at_Castle_Rock
427,https://apps.usgs.gov/hivis/camera/WI_Chippewa_River_below_Dells_Dam_at_Eau_Claire_CONTROL
428,https://apps.usgs.gov/hivis/camera/CO_Blue_River_Below_Dillon
429,https://apps.usgs.gov/hivis/camera/WI_Little_Plover_River_near_Plover
430,https://apps.usgs.gov/hivis/camera/WI_La_Crosse_River_at_HWY_BB_near_Tomah
431,https://apps.usgs.gov/hivis/camera/MA_West_Brook_RISE
432,https://apps.usgs.gov/hivis/camera/WI_East_Branch_Big_Creek_at_La_Valle_Road_near_La_Valle
433,https://apps.usgs.gov/hivis/camera/WI_Yahara_River_near_Fulton
434,https://apps.usgs.gov/hivis/camera/WI_White_Creek_at_Spring_Grove_Road_near_Green_Lake
435,https://apps.usgs.gov/hivis/camera/OH_Inflow_to_wetland_near_Winn_Road_near_Defiance_WET1
436,https://apps.usgs.gov/hivis/camera/WI_Fox_River_at_Appleton_Lower_Lock_above_upper_gate_pool
437,https://apps.usgs.gov/hivis/camera/WI_West_Branch_Big_Creet_at_Clark_Road_near_La_Valle
438,https://apps.usgs.gov/hivis/camera/MI_Sebewaing_River_at_Center_Street_at_Sebewaing
439,https://apps.usgs.gov/hivis/camera/NM_Gavilan_Canyon_at_Skunk_Canyon_near_Hollywood
440,https://apps.usgs.gov/hivis/camera/WI_Ashland_Breakwater_Lighthouse_Chequamegon_Bay
441,https://apps.usgs.gov/hivis/camera/IN_Overland_Flow_East_of_Bull_Rapids_Road_near_Harlan_STAFF
442,https://apps.usgs.gov/hivis/camera/CO_Colorado_River_at_Windy_Gap_near_Granby
443,https://apps.usgs.gov/hivis/camera/ME_Penobscot_River_at_Bangor
444,https://apps.usgs.gov/hivis/camera/OH_Unnamed_Tributary_above_wetland_near_Winn_Road_near_Defiance_CULVERT
445,https://apps.usgs.gov/hivis/camera/AZ_National_Data_Conference_2023__RPi_Camera
446,https://apps.usgs.gov/hivis/camera/ME_St_John_River_at_Dickey
447,https://apps.usgs.gov/hivis/camera/NY_Niagara_Street_Green_Infrastructure_PTZ_Camera
448,https://apps.usgs.gov/hivis/camera/01427500_NY_Callicoon_Ck_Callicoon
449,https://apps.usgs.gov/hivis/camera/06414000_SD_RapidCr_Rapid_City
450,https://apps.usgs.gov/hivis/camera/01351298_NY_Cobleskill_Creek_Cobleskill
451,https://apps.usgs.gov/hivis/camera/01427510_NY_Delaware_River_Callicoon
452,https://apps.usgs.gov/hivis/camera/06471000_SD_JamesR_Columbia
453,https://apps.usgs.gov/hivis/camera/08093350_TX_Aquilla_Lake
454,https://apps.usgs.gov/hivis/camera/08072500_TX_Barker_Res_nr_Addicks
455,https://apps.usgs.gov/hivis/camera/06476000_SD_JamesR_Huron
456,https://apps.usgs.gov/hivis/camera/01349705_NY_Schoharie_Creek_Lexington
457,https://apps.usgs.gov/hivis/camera/0131079450_NY_Hempstead_Lake
458,https://apps.usgs.gov/hivis/camera/06485500_IA_BigSiouxR_Akron
459,https://apps.usgs.gov/hivis/camera/01374890_NY_Cross_River_Cross_River
460,https://apps.usgs.gov/hivis/camera/01365500_NY_Chestnut_Creek_Grahamsville
461,https://apps.usgs.gov/hivis/camera/777777_HABS_Rapid_Croche
462,https://apps.usgs.gov/hivis/camera/01435000_NY_Neversink_Claryville_VISIBLE
463,https://apps.usgs.gov/hivis/camera/06412500_SD_Rapid_Creek_above_Canyon_Lake
464,https://apps.usgs.gov/hivis/camera/13139510_ID_Big_Wood_River_Hailey
465,https://apps.usgs.gov/hivis/camera/13130300_ID_Big_Lost_River_Leslie
466,https://apps.usgs.gov/hivis/camera/403859074555201_NJ_Spruce_Run_Reservoir
467,https://apps.usgs.gov/hivis/camera/0137462010_NY_WB_CrotonR_Carmel
468,https://apps.usgs.gov/hivis/camera/01311500_NY_Valley_Stream_Valley_Stream
469,https://apps.usgs.gov/hivis/camera/01363556_NY_Esopus_Creek_Lomontville
470,https://apps.usgs.gov/hivis/camera/01349000_NY_Otsquago_Creek_Fort_Plain
471,https://apps.usgs.gov/hivis/camera/01387000_NJ_WanaqueR_Wanaque
472,https://apps.usgs.gov/hivis/camera/08051100_TX_Ray_Roberts_Lake
473,https://apps.usgs.gov/hivis/camera/0204309906_VA_Ramsgate
474,https://apps.usgs.gov/hivis/camera/06337000_ND_Little_MissouriR_Watford
475,https://apps.usgs.gov/hivis/camera/01359528_NY_Normans_Kill_Albany
476,https://apps.usgs.gov/hivis/camera/01480000_DE_RedClay_Wooddale
477,https://apps.usgs.gov/hivis/camera/06335500_ND_Little_Missouri_R_Marmarth
478,https://apps.usgs.gov/hivis/camera/0204288905_VA_BaileyCR_Chesapeake
479,https://apps.usgs.gov/hivis/camera/01374901_NY_Cross_River_Katonah
480,https://apps.usgs.gov/hivis/camera/13342500_ID_Clearwater_River_Spalding
481,https://apps.usgs.gov/hivis/camera/05051600_ND_WildRiceR_Rutland
482,https://apps.usgs.gov/hivis/camera/13258500_ID_Weiser_River_Cambridge
483,https://apps.usgs.gov/hivis/camera/12131300_WA_BoltCk_Skykomish
484,https://apps.usgs.gov/hivis/camera/01388910_NJ_PomptonR_MtView
485,https://apps.usgs.gov/hivis/camera/01365550_NY_Chestnut_Creek_Mouth_Grahamsville
486,https://apps.usgs.gov/hivis/camera/01411330_NJ_Beach_Thorofare_Margate
487,https://apps.usgs.gov/hivis/camera/01310500_NY_East_Meadow_Brook_Freeport
488,https://apps.usgs.gov/hivis/camera/01185500_MA_WB_FarmingtonR_NewBoston
489,https://apps.usgs.gov/hivis/camera/01422747_NY_East_Brook_Walton
490,https://apps.usgs.gov/hivis/camera/01388500_NJ_PomptonR_Pompton
491,https://apps.usgs.gov/hivis/camera/01368050_NY_Wallkill_Unionville
492,https://apps.usgs.gov/hivis/camera/01377451_NJ_Pascack_Brook_Hillsdale
493,https://apps.usgs.gov/hivis/camera/393259107194801_CO_Colorado_Glenwood
494,https://apps.usgs.gov/hivis/camera/01362232_NY_Broadstreet_Hollow_Brook_Allaben
495,https://apps.usgs.gov/hivis/camera/13297380_ID_Salmon_River_Clayton
496,https://apps.usgs.gov/hivis/camera/06477000_SD_JamesR_Forestburg
497,https://apps.usgs.gov/hivis/camera/05531175_IL_Salt_Cr_WoodDale
498,https://apps.usgs.gov/hivis/camera/04165710_MI_DetriotR_FortWayne
499,https://apps.usgs.gov/hivis/camera/08073100_TX_LanghamCr_AddicksRes_Outflow
500,https://apps.usgs.gov/hivis/camera/0205551460_VA_Lick_Run_Roanoke
501,https://apps.usgs.gov/hivis/camera/01585075_MD_Foster_Br_Joppatowne
502,https://apps.usgs.gov/hivis/camera/06354980_ND_SpringCK_Haley
503,https://apps.usgs.gov/hivis/camera/06354890_ND_NorthFork_GrandR_Bowman
504,https://apps.usgs.gov/hivis/camera/05335478_Burnett_Clam_Dam
505,https://apps.usgs.gov/hivis/camera/01327750_NY_Hudson_River_at_Fort_Edward
506,https://apps.usgs.gov/hivis/camera/01634000_VA_Shenandoah_Strasburg
507,https://apps.usgs.gov/hivis/camera/01387095_NY_RamapoR_Harriman
508,https://apps.usgs.gov/hivis/camera/0402659457_FEH_2_Troutmere_WildcatRd
509,https://apps.usgs.gov/hivis/camera/01413408_NY_Dry_Brook_Arkville
510,https://apps.usgs.gov/hivis/camera/02336910_GA_Sweetwater_Cr_Austell
511,https://apps.usgs.gov/hivis/camera/04183105_04183105_Maumee_Woodburn_IN
512,https://apps.usgs.gov/hivis/camera/000000_TX_SanAntonioR_EastNueva
513,https://apps.usgs.gov/hivis/camera/01574500_PA_Codorus_Ck_Spring_Grove
514,https://apps.usgs.gov/hivis/camera/05576195_IL_Sugar_Creek_Chatham
515,https://apps.usgs.gov/hivis/camera/01389534_NJ_PeckmanR_Verona
516,https://apps.usgs.gov/hivis/camera/04026635_FEH_16_TroutBrook_KomsteadRd
517,https://apps.usgs.gov/hivis/camera/01379500_NJ_PassaicR_Chatham
518,https://apps.usgs.gov/hivis/camera/05335450_Burnett_Malone_RD
519,https://apps.usgs.gov/hivis/camera/01638500_MD_PotomacR_Point_of_Rocks
520,https://apps.usgs.gov/hivis/camera/13302500_ID_Salmon_River_Salmon
521,https://apps.usgs.gov/hivis/camera/01381500_NJ_Whippany_River_Morristown
522,https://apps.usgs.gov/hivis/camera/02019500_VA_JamesRiver_Buchanan
523,https://apps.usgs.gov/hivis/camera/01362357_NY_Warner_Ck_Chichester
524,https://apps.usgs.gov/hivis/camera/02336300_GA_PeachtreeCr_Atlanta
525,https://apps.usgs.gov/hivis/camera/06447450_SD_WhiteR_WhiteR
526,https://apps.usgs.gov/hivis/camera/12211195_WA_NooksackR_Overflow
527,https://apps.usgs.gov/hivis/camera/01462000_NJ_Delaware_Lambertville
528,https://apps.usgs.gov/hivis/camera/01407770_NJ_Shark_River_Belmar
529,https://apps.usgs.gov/hivis/camera/13340000_ID_Clearwater_River_Orofino
530,https://apps.usgs.gov/hivis/camera/01357500_NY_Mohawk_River_at_Cohoes
531,https://apps.usgs.gov/hivis/camera/02352500_GA_FlintR_Albany
532,https://apps.usgs.gov/hivis/camera/05124000_ND_SourisR_Westhope
533,https://apps.usgs.gov/hivis/camera/05116500_ND_Des_LacsR_Foxholm
534,https://apps.usgs.gov/hivis/camera/040265975_FEH_5_Marengo_Trib_HwyC
535,https://apps.usgs.gov/hivis/camera/777777_HABS_Little_Kaukauna_Lock
536,https://apps.usgs.gov/hivis/camera/02335700_GA_BigCreek_Alpharetta
537,https://apps.usgs.gov/hivis/camera/08072600_TX_Buffalo_Bayou_nr_Addicks
538,https://apps.usgs.gov/hivis/camera/05553700_IL_IllinoisR_StarvedRock
539,https://apps.usgs.gov/hivis/camera/01465500_PA_Neshaminy_Langhorne
540,https://apps.usgs.gov/hivis/camera/08073000_TX_Addicks_Res_Outflow_Culverts
541,https://apps.usgs.gov/hivis/camera/01387998_NJ_Ramapo_Pompton_Dam
542,https://apps.usgs.gov/hivis/camera/01579905_MD_DeerCK_Pylesville
543,https://apps.usgs.gov/hivis/camera/777777_HABS_Appleton_Lower_Lock
544,https://apps.usgs.gov/hivis/camera/01302020_NY_Bronx_River_NY_Botanical_Garden
545,https://apps.usgs.gov/hivis/camera/13075500_ID_Portneuf_River_Pocatello
546,https://apps.usgs.gov/hivis/camera/01362487_NY_Beaver_Kill_Mount_Tremper
547,https://apps.usgs.gov/hivis/camera/01434000_NY_DelawareR_PortJervis_PTZ
548,https://apps.usgs.gov/hivis/camera/021989773_GA_SavannahR_USACE_Savannah
549,https://apps.usgs.gov/hivis/camera/08072500_TX_Barker_Res_nr_Addicks_OUTFLOW
550,https://apps.usgs.gov/hivis/camera/01382500_NJ_Pequannock_River_Macopin
551,https://apps.usgs.gov/hivis/camera/05114000_ND_05114000_SourisR_Sherwood
552,https://apps.usgs.gov/hivis/camera/420931086224403_MI_Butterfly_Sarett
553,https://apps.usgs.gov/hivis/camera/01350140_NY_Mine_Kill_North_Blenheim
554,https://apps.usgs.gov/hivis/camera/0158175720_MD_Lake_Serene_Edgewood
555,https://apps.usgs.gov/hivis/camera/05333500_ST_Croix_Danbury
556,https://apps.usgs.gov/hivis/camera/13305310_ID_Lemhi_River_below_L5_Salmon
557,https://apps.usgs.gov/hivis/camera/0164579522_VA_The_Glade_nr_Howland_Dr
558,https://apps.usgs.gov/hivis/camera/01419500_NY_WillowemocCR_Livingston
559,https://apps.usgs.gov/hivis/camera/04026757_FEH_15_Silver_HwyC
560,https://apps.usgs.gov/hivis/camera/463227090365601_Denomie_Creek
561,https://apps.usgs.gov/hivis/camera/0164578734_VA_Snakeden_Br_above_Lake_Audubon_Reston
562,https://apps.usgs.gov/hivis/camera/04183000_IN_Maumee_New_Haven_DOWN
563,https://apps.usgs.gov/hivis/camera/0167300055_VA_Mechumps_Ck_Ashland
564,https://apps.usgs.gov/hivis/camera/09071750_CO_Colorado_R_above_Glenwood_Springs
565,https://apps.usgs.gov/hivis/camera/777777_HABS_DePere_Dam
566,https://apps.usgs.gov/hivis/camera/02303348_FL_TroutCk_Wesley_Chapel
567,https://apps.usgs.gov/hivis/camera/01161280_MA_Conn_Northfield
568,https://apps.usgs.gov/hivis/camera/01312000_NY_Hudson_River_at_Newcomb
569,https://apps.usgs.gov/hivis/camera/06447230_SD_BlackPipe_Belvidere
570,https://apps.usgs.gov/hivis/camera/01654500_VA_LongBranch_Annandale_STREAM
571,https://apps.usgs.gov/hivis/camera/05331000_MN_MissR_St_Paul
572,https://apps.usgs.gov/hivis/camera/01426500_NY_DelawareR_HaleEddy
573,https://apps.usgs.gov/hivis/camera/13070200_ID_Toponce_Canal_Chesterfield
574,https://apps.usgs.gov/hivis/camera/01374941_NY_Muscoot_River_below_Dam_Amawalk
575,https://apps.usgs.gov/hivis/camera/7777777_HABS_Kaukauna_Canal
576,https://apps.usgs.gov/hivis/camera/05576100_IL_Lick_Creek_Woodside
577,https://apps.usgs.gov/hivis/camera/01362297_NY_Panther_Kill_Phoenicia
578,https://apps.usgs.gov/hivis/camera/06431500_SD_SpearfishCr_Spearfish
579,https://apps.usgs.gov/hivis/camera/04166500_MI_Rouge_Detroit
580,https://apps.usgs.gov/hivis/camera/01380450_NJ_RockawayR_Boonton
581,https://apps.usgs.gov/hivis/camera/08092500_TX_Whitney_Lake
582,https://apps.usgs.gov/hivis/camera/12211190_WA_NooksackR_Overflow_EmersonRd
583,https://apps.usgs.gov/hivis/camera/08063700_TX_Bardwell_Lake
584,https://apps.usgs.gov/hivis/camera/12395500_ID_Pend_Oreille_R_Newport
585,https://apps.usgs.gov/hivis/camera/01420500_NY_Beaver_Kill_at_Cooks_Falls
586,https://apps.usgs.gov/hivis/camera/02050000_VA_Blackwater_River_HWY58_258_Franklin
587,https://apps.usgs.gov/hivis/camera/01435000_NY_Neversink_Claryville_THERMAL
588,https://apps.usgs.gov/hivis/camera/05113750_ND_EastBranch_ShortCR_Columbus
589,https://apps.usgs.gov/hivis/camera/01349150_NY_Canajoharie_Creek_Canajoharie
590,https://apps.usgs.gov/hivis/camera/13206000_ID_Boise_River_Glenwood_Bridge_Boise
591,https://apps.usgs.gov/hivis/camera/01463500_01463500_Delaware_Trenton_NJ
592,https://apps.usgs.gov/hivis/camera/01410560_NJ_Inside_Thorofare_Atlantic_City
593,https://apps.usgs.gov/hivis/camera/01354500_NY_Mohawk_River_Freeman_Bridge_Schenectady
594,https://apps.usgs.gov/hivis/camera/01391000_NJ_Hohokus_Brook_HoHoKus
595,https://apps.usgs.gov/hivis/camera/08040000_TX_Steinhagen_Lake
596,https://apps.usgs.gov/hivis/camera/01436000_NY_Neversink_River_Neversink
597,https://apps.usgs.gov/hivis/camera/01396060_NJ_Arthur_Kill_Perth_Amboy
598,https://apps.usgs.gov/hivis/camera/09095500_CO_Colorado_R_Cameo
599,https://apps.usgs.gov/hivis/camera/05335329_Burnett_Soderberg_RD
600,https://apps.usgs.gov/hivis/camera/01413500_NY_East_Branch_Delaware_Margaretville
601,https://apps.usgs.gov/hivis/camera/06342500_MissouriRiverBismarck
602,https://apps.usgs.gov/hivis/camera/04026619_FEH_8_Brunsweiler_HwyC
603,https://apps.usgs.gov/hivis/camera/01400500_NJ_Raritan_River_Manville
604,https://apps.usgs.gov/hivis/camera/06423500_SD_CheyenneR_Wasta
605,https://apps.usgs.gov/hivis/camera/04165500_MI_ClintonR_Mt_Clemens
606,https://apps.usgs.gov/hivis/camera/01362230_NY_Diversion_Schoharie_Reservoir
607,https://apps.usgs.gov/hivis/camera/12413131_ID_SF_Coeur_D_Alene_R_Abv_Placer_CR_Wallace
608,https://apps.usgs.gov/hivis/camera/08073000_TX_Addicks_Res_nr_Addicks
609,https://apps.usgs.gov/hivis/camera/01411350_NJ_Ludlum_Thorofare_Sea_Isle_City
610,https://apps.usgs.gov/hivis/camera/01305500_NY_SwanR_East_Patchogue2
611,https://apps.usgs.gov/hivis/camera/040267603_FEH_11_Silver_DelafieldRd
612,https://apps.usgs.gov/hivis/camera/02341460_GA_ChattahoocheeR_14thSt_Columbus
613,https://apps.usgs.gov/hivis/camera/01388100_NJ_Ramapo_Dawes_Highway_Pompton
614,https://apps.usgs.gov/hivis/camera/05414000_PlatteR_Rockville
615,https://apps.usgs.gov/hivis/camera/06337200_ND_Cherry_Creek_Shaefer
616,https://apps.usgs.gov/hivis/camera/4623320904820_FEH_9_Marengo_Trib_PeltoRd
617,https://apps.usgs.gov/hivis/camera/023177483_GA_WithlacoocheeR_SkipperBridge
618,https://apps.usgs.gov/hivis/camera/01437500_NY_Neversink_Goddefroy
619,https://apps.usgs.gov/hivis/camera/01407600_NJ_ShrewsburgR_SeaBright
620,https://apps.usgs.gov/hivis/camera/01350035_NY_Bear_Kill_Prattsville
621,https://apps.usgs.gov/hivis/camera/01388000_NJ_Ramapo_Pompton_Dam_Spillway
622,https://apps.usgs.gov/hivis/camera/01505810_NY_ChenangoR_Oxford
623,https://apps.usgs.gov/hivis/camera/01374531_NY_EB_CrotonR_Croton_Falls
624,https://apps.usgs.gov/hivis/camera/04071000_WI_Gillett
625,https://apps.usgs.gov/hivis/camera/04183000_IN_Maumee_New_Haven
626,https://apps.usgs.gov/hivis/camera/01505000_NY_ChenangoR_Sherburne
627,https://apps.usgs.gov/hivis/camera/777777_HABS_DePere_Lock
